
SET NAMES 'utf8';
USE sevryukov_task;
TRUNCATE TABLE salary;
TRUNCATE TABLE cost;
DELETE FROM work_task
TRUNCATE TABLE payment;
TRUNCATE TABLE object_contact;
DELETE FROM object
TRUNCATE TABLE employe_contact;
TRUNCATE TABLE client_contact;
DELETE FROM material
DELETE FROM employee
DELETE FROM contact_data_type
DELETE FROM client
INSERT INTO client(client_id) VALUES
(1),
(2),
(3),
(4),
(5),
(6),
(7),
(8),
(9),
(10),
(11),
(12),
(13),
(14),
(15),
(16),
(17),
(18),
(19),
(20),
(21),
(22),
(23),
(24),
(25),
(26),
(27),
(28),
(29),
(30),
(31),
(32),
(33),
(34),
(35),
(36),
(37),
(38),
(39),
(40),
(41),
(42),
(43),
(44),
(45),
(46),
(47),
(48),
(49),
(50);
INSERT INTO contact_data_type(contact_data_type_id, data_type) VALUES
(1, 'name'),
(2, 'surname'),
(3, 'gender'),
(4, 'e-mail'),
(5, 'company name'),
(6, 'phone number'),
(7, 'cell phone number'),
(8, 'address');
INSERT INTO employee(employee_id) VALUES
(1),
(2),
(3),
(4),
(5),
(6),
(7),
(8),
(9),
(10),
(11),
(12),
(13),
(14),
(15),
(16),
(17),
(18),
(19),
(20),
(21),
(22),
(23),
(24),
(25),
(26),
(27),
(28),
(29),
(30),
(31),
(32),
(33),
(34),
(35),
(36),
(37),
(38),
(39),
(40),
(41),
(42),
(43),
(44),
(45),
(46),
(47),
(48),
(49),
(50),
(51),
(52),
(53),
(54),
(55),
(56),
(57),
(58),
(59),
(60),
(61),
(62),
(63),
(64),
(65),
(66),
(67),
(68),
(69),
(70),
(71),
(72),
(73),
(74),
(75),
(76),
(77),
(78),
(79),
(80),
(81),
(82),
(83),
(84),
(85),
(86),
(87),
(88),
(89),
(90),
(91),
(92),
(93),
(94),
(95),
(96),
(97),
(98),
(99),
(100),
(101),
(102),
(103),
(104),
(105),
(106),
(107),
(108),
(109),
(110),
(111),
(112),
(113),
(114),
(115),
(116),
(117),
(118),
(119),
(120),
(121),
(122),
(123),
(124),
(125),
(126),
(127),
(128),
(129),
(130),
(131),
(132),
(133),
(134),
(135),
(136),
(137),
(138),
(139),
(140),
(141),
(142),
(143),
(144),
(145),
(146),
(147),
(148),
(149),
(150),
(151),
(152),
(153),
(154),
(155),
(156),
(157),
(158),
(159),
(160),
(161),
(162),
(163),
(164),
(165),
(166),
(167),
(168),
(169),
(170),
(171),
(172),
(173),
(174),
(175),
(176),
(177),
(178),
(179),
(180),
(181),
(182),
(183),
(184),
(185),
(186),
(187),
(188),
(189),
(190),
(191),
(192),
(193),
(194),
(195),
(196),
(197),
(198),
(199),
(200),
(201),
(202),
(203),
(204),
(205),
(206),
(207),
(208),
(209),
(210),
(211),
(212),
(213),
(214),
(215),
(216),
(217),
(218),
(219),
(220),
(221),
(222),
(223),
(224),
(225),
(226),
(227),
(228),
(229),
(230),
(231),
(232),
(233),
(234),
(235),
(236),
(237),
(238),
(239),
(240),
(241),
(242),
(243),
(244),
(245),
(246),
(247),
(248),
(249),
(250),
(251),
(252),
(253),
(254),
(255),
(256),
(257),
(258),
(259),
(260),
(261),
(262),
(263),
(264),
(265),
(266),
(267),
(268),
(269),
(270),
(271),
(272),
(273),
(274),
(275),
(276),
(277),
(278),
(279),
(280),
(281),
(282),
(283),
(284),
(285),
(286),
(287),
(288),
(289),
(290),
(291),
(292),
(293),
(294),
(295),
(296),
(297),
(298),
(299),
(300);
INSERT INTO material(material_id, material_name) VALUES
(1, 'Аглопорит'),
(2, 'Алебастр'),
(3, 'Армоцементные конструкции'),
(4, 'Асбоцемент'),
(5, 'Асфальт'),
(6, 'Асфальтобетон'),
(7, 'Асфальтобетонный завод'),
(8, 'Аэрогель'),
(9, 'Битум'),
(10, 'Битумная черепица'),
(11, 'Битумный раствор'),
(12, 'Бортовой камень'),
(13, 'Вспученный перлит'),
(14, 'Вырубка (отходы)'),
(15, 'Высокопрочный гипс'),
(16, 'Вяжущие вещества'),
(17, 'Газобетон'),
(18, 'Газосиликат'),
(19, 'Галька'),
(20, 'Геомембрана'),
(21, 'Георешётка'),
(22, 'Геосетка'),
(23, 'Геосинтетики'),
(24, 'Геотекстиль'),
(25, 'Герметик'),
(26, 'Гидравлическая известь'),
(27, 'Гидроизоляция'),
(28, 'Гиперпрессование'),
(29, 'Гипс'),
(30, 'Гипсовая штукатурная смесь'),
(31, 'Глиногипс'),
(32, 'Гравелит'),
(33, 'Гравий'),
(34, 'Грунтовка'),
(35, 'Грунтовка'),
(36, 'Гтб 53'),
(37, 'Гудрон'),
(38, 'Древесина'),
(39, 'Двери'),
(40, 'Дренажный геокомпозит'),
(41, 'Дресва'),
(42, 'Жидкая резина'),
(43, 'Жидкие гвозди'),
(44, 'Землебитные строения'),
(45, 'Известковые растворы'),
(46, 'Известь (материал)'),
(47, 'Искусственный камень'),
(48, 'Каменная вата'),
(49, 'Кварцевый песок'),
(50, 'Керамзит'),
(51, 'Керамзитобетон'),
(52, 'Керамзитовый гравий'),
(53, 'Композитная сетка'),
(54, 'Композитные гибкие связи'),
(55, 'Конопачение'),
(56, 'Котелец'),
(57, 'Краска для потоллка'),
(58, 'Краска для стен'),
(59, 'Цемент'),
(60, 'Кремнефториды'),
(61, 'Лещадность'),
(62, 'Ламинат'),
(63, 'Лента армирующая'),
(64, 'Лента разделительная'),
(65, 'Линеарная панель'),
(66, 'Линолеум'),
(67, 'Листы гипсокартонные (12,5 мм)'),
(68, 'Литой асфальтобетон'),
(69, 'Магнезиальный цемент'),
(70, 'Мастика (материал)'),
(71, 'Металлопластик'),
(72, 'Металлополимерные трубы'),
(73, 'Минеральная вата'),
(74, 'Модульное напольное покрытие из пвх'),
(75, 'Монолитный пенобетон'),
(76, 'Монтажная пена'),
(77, 'Навоз'),
(78, 'Нерозин'),
(79, 'Олифа'),
(80, 'Пароизоляция'),
(81, 'Обои'),
(82, 'Окна'),
(83, 'Паркет'),
(84, 'Пеноблок'),
(85, 'Пеногипс'),
(86, 'Пенообразователь'),
(87, 'Пенополивинилхлорид'),
(88, 'Пенополистирол'),
(89, 'Пенополиуретан'),
(90, 'Пеностекло'),
(91, 'Пергамин'),
(92, 'Пески строительные'),
(93, 'Песок'),
(94, 'Песчано-гравийная смесь'),
(95, 'Пластиковый канал'),
(96, 'Плитка напольная'),
(97, 'Подвесы с зажимом'),
(98, 'Поливинилхлоридные мембраны'),
(99, 'Полимерные трубы'),
(100, 'Политура');
INSERT INTO client_contact(client_id, contact_data_type_id, data) VALUES
(1, 2, 'Быкова'),
(2, 2, 'Наумова'),
(3, 2, 'Троицкийа'),
(4, 2, 'Степанова'),
(5, 2, 'Матвеева'),
(6, 2, 'Макарова'),
(7, 2, 'Покровскийа'),
(8, 2, 'Федотова'),
(9, 2, 'Сорокина'),
(10, 2, 'Мартынова'),
(11, 2, 'Михайлова'),
(12, 2, 'Зайцева'),
(13, 2, 'Соболева'),
(14, 2, 'Волкова'),
(15, 2, 'Семёнова'),
(16, 2, 'Виноградова'),
(17, 2, 'Кузнецова'),
(18, 2, 'Фёдорова'),
(19, 2, 'Абрамова'),
(20, 2, 'Кузьмина'),
(21, 2, 'Карпова'),
(22, 2, 'Павлова'),
(23, 2, 'Тихомирова'),
(24, 2, 'Соколова'),
(25, 2, 'Богданова'),
(26, 2, 'Яковлева'),
(27, 2, 'Назарова'),
(28, 2, 'Кириллова'),
(29, 2, 'Беляева'),
(30, 2, 'Крылова'),
(31, 2, 'Николаева'),
(32, 2, 'Попова'),
(33, 2, 'Дмитриева'),
(34, 2, 'Гаврилова'),
(35, 2, 'Голубева'),
(36, 2, 'Белова'),
(37, 2, 'Ушакова'),
(38, 2, 'Щербакова'),
(39, 2, 'Андреева'),
(40, 2, 'Шульца'),
(41, 2, 'Никитина'),
(42, 2, 'Никифорова'),
(43, 2, 'Егорова'),
(44, 2, 'Денисова'),
(45, 2, 'Миронова'),
(46, 2, 'Алексеева'),
(47, 2, 'Иванова'),
(48, 2, 'Миллера'),
(49, 2, 'Полякова'),
(50, 2, 'Константинова');
INSERT INTO employe_contact(employe_id, contact_data_type_id, data) VALUES
(1, 2, 'Покровский'),
(2, 2, 'Наумов'),
(3, 2, 'Сергеев'),
(4, 2, 'Морозов'),
(5, 2, 'Карпов'),
(6, 2, 'Федотов'),
(7, 2, 'Тихомиров'),
(8, 2, 'Егоров'),
(9, 2, 'Мартынов'),
(10, 2, 'Алексеев'),
(11, 2, 'Иванов'),
(12, 2, 'Голубев'),
(13, 2, 'Назаров'),
(14, 2, 'Беляев'),
(15, 2, 'Захаров'),
(16, 2, 'Кириллов'),
(17, 2, 'Ушаков'),
(18, 2, 'Шульц'),
(19, 2, 'Романов'),
(20, 2, 'Александров'),
(21, 2, 'Матвеев'),
(22, 2, 'Волков'),
(23, 2, 'Виноградов'),
(24, 2, 'Кузнецов'),
(25, 2, 'Кузьмин'),
(26, 2, 'Белов'),
(27, 2, 'Никитин'),
(28, 2, 'Васильев'),
(29, 2, 'Щербаков'),
(30, 2, 'Максимов'),
(31, 2, 'Крылов'),
(32, 2, 'Денисов'),
(33, 2, 'Лебедев'),
(34, 2, 'Соловьёв'),
(35, 2, 'Миронов'),
(36, 2, 'Козлов'),
(37, 2, 'Тимофеев'),
(38, 2, 'Ильин'),
(39, 2, 'Гаврилов'),
(40, 2, 'Петров'),
(41, 2, 'Никифоров'),
(42, 2, 'Миллер'),
(43, 2, 'Константинов'),
(44, 2, 'Поляков'),
(45, 2, 'Григорьев'),
(46, 2, 'Антонов'),
(47, 2, 'Орлов'),
(48, 2, 'Кондратьев'),
(49, 2, 'Ефимов'),
(50, 2, 'Герасимов'),
(51, 2, 'Кудрявцев'),
(52, 2, 'Смирнов'),
(53, 2, 'Леонтьев'),
(54, 2, 'Титов'),
(55, 2, 'Савельев'),
(56, 2, 'Афанасьев'),
(57, 2, 'Львов'),
(58, 2, 'Шмидт'),
(59, 2, 'Борисов'),
(60, 2, 'Марков'),
(61, 2, 'Филиппов'),
(62, 2, 'Степанов'),
(63, 2, 'Фомин'),
(64, 2, 'Фролов'),
(65, 2, 'Трофимов'),
(66, 2, 'Воронин'),
(67, 2, 'Новиков'),
(68, 2, 'Игнатьев'),
(69, 2, 'Михайлов'),
(70, 2, 'Власов'),
(71, 2, 'Чистяков'),
(72, 2, 'Семёнов'),
(73, 2, 'Пономарёв'),
(74, 2, 'Комаров'),
(75, 2, 'Троицкий'),
(76, 2, 'Давыдов'),
(77, 2, 'Баранов'),
(78, 2, 'Жуков'),
(79, 2, 'Фёдоров'),
(80, 2, 'Гусев'),
(81, 2, 'Прокофьев'),
(82, 2, 'Павлов'),
(83, 2, 'Соколов'),
(84, 2, 'Богданов'),
(85, 2, 'Воробьёв'),
(86, 2, 'Яковлев'),
(87, 2, 'Сидоров'),
(88, 2, 'Быков'),
(89, 2, 'Данилов'),
(90, 2, 'Соболев'),
(91, 2, 'Осипов'),
(92, 2, 'Абрамов'),
(93, 2, 'Киселёв'),
(94, 2, 'Николаев'),
(95, 2, 'Макаров'),
(96, 2, 'Попов'),
(97, 2, 'Сорокин'),
(98, 2, 'Дмитриев'),
(99, 2, 'Зайцев'),
(100, 2, 'Андреев'),
(101, 2, 'Наумов'),
(102, 2, 'Егоров'),
(103, 2, 'Сергеев'),
(104, 2, 'Карпов'),
(105, 2, 'Морозов'),
(106, 2, 'Алексеев'),
(107, 2, 'Тихомиров'),
(108, 2, 'Иванов'),
(109, 2, 'Беляев'),
(110, 2, 'Покровский'),
(111, 2, 'Крылов'),
(112, 2, 'Гаврилов'),
(113, 2, 'Никифоров'),
(114, 2, 'Антонов'),
(115, 2, 'Захаров'),
(116, 2, 'Федотов'),
(117, 2, 'Александров'),
(118, 2, 'Романов'),
(119, 2, 'Васильев'),
(120, 2, 'Лебедев'),
(121, 2, 'Матвеев'),
(122, 2, 'Голубев'),
(123, 2, 'Кондратьев'),
(124, 2, 'Волков'),
(125, 2, 'Петров'),
(126, 2, 'Мартынов'),
(127, 2, 'Ефимов'),
(128, 2, 'Виноградов'),
(129, 2, 'Белов'),
(130, 2, 'Щербаков'),
(131, 2, 'Григорьев'),
(132, 2, 'Кузнецов'),
(133, 2, 'Миллер'),
(134, 2, 'Кузьмин'),
(135, 2, 'Смирнов'),
(136, 2, 'Назаров'),
(137, 2, 'Кудрявцев'),
(138, 2, 'Кириллов'),
(139, 2, 'Степанов'),
(140, 2, 'Никитин'),
(141, 2, 'Леонтьев'),
(142, 2, 'Максимов'),
(143, 2, 'Соловьёв'),
(144, 2, 'Поляков'),
(145, 2, 'Козлов'),
(146, 2, 'Михайлов'),
(147, 2, 'Титов'),
(148, 2, 'Семёнов'),
(149, 2, 'Фёдоров'),
(150, 2, 'Борисов'),
(151, 2, 'Тимофеев'),
(152, 2, 'Савельев'),
(153, 2, 'Львов'),
(154, 2, 'Давыдов'),
(155, 2, 'Шмидт'),
(156, 2, 'Павлов'),
(157, 2, 'Соколов'),
(158, 2, 'Ильин'),
(159, 2, 'Орлов'),
(160, 2, 'Жуков'),
(161, 2, 'Фролов'),
(162, 2, 'Трофимов'),
(163, 2, 'Гусев'),
(164, 2, 'Герасимов'),
(165, 2, 'Ушаков'),
(166, 2, 'Игнатьев'),
(167, 2, 'Воробьёв'),
(168, 2, 'Чистяков'),
(169, 2, 'Богданов'),
(170, 2, 'Шульц'),
(171, 2, 'Данилов'),
(172, 2, 'Афанасьев'),
(173, 2, 'Марков'),
(174, 2, 'Филиппов'),
(175, 2, 'Денисов'),
(176, 2, 'Комаров'),
(177, 2, 'Новиков'),
(178, 2, 'Яковлев'),
(179, 2, 'Николаев'),
(180, 2, 'Миронов'),
(181, 2, 'Попов'),
(182, 2, 'Осипов'),
(183, 2, 'Константинов'),
(184, 2, 'Киселёв'),
(185, 2, 'Дмитриев'),
(186, 2, 'Фомин'),
(187, 2, 'Воронин'),
(188, 2, 'Макаров'),
(189, 2, 'Андреев'),
(190, 2, 'Власов'),
(191, 2, 'Баранов'),
(192, 2, 'Сорокин'),
(193, 2, 'Прокофьев'),
(194, 2, 'Пономарёв'),
(195, 2, 'Троицкий'),
(196, 2, 'Зайцев'),
(197, 2, 'Сидоров'),
(198, 2, 'Быков'),
(199, 2, 'Соболев'),
(200, 2, 'Абрамов'),
(201, 2, 'Покровский'),
(202, 2, 'Карпов'),
(203, 2, 'Сергеев'),
(204, 2, 'Морозов'),
(205, 2, 'Егоров'),
(206, 2, 'Федотов'),
(207, 2, 'Алексеев'),
(208, 2, 'Иванов'),
(209, 2, 'Захаров'),
(210, 2, 'Романов'),
(211, 2, 'Александров'),
(212, 2, 'Тихомиров'),
(213, 2, 'Матвеев'),
(214, 2, 'Беляев'),
(215, 2, 'Мартынов'),
(216, 2, 'Васильев'),
(217, 2, 'Наумов'),
(218, 2, 'Лебедев'),
(219, 2, 'Волков'),
(220, 2, 'Голубев'),
(221, 2, 'Белов'),
(222, 2, 'Виноградов'),
(223, 2, 'Щербаков'),
(224, 2, 'Петров'),
(225, 2, 'Крылов'),
(226, 2, 'Гаврилов'),
(227, 2, 'Кузнецов'),
(228, 2, 'Кузьмин'),
(229, 2, 'Григорьев'),
(230, 2, 'Миллер'),
(231, 2, 'Смирнов'),
(232, 2, 'Поляков'),
(233, 2, 'Назаров'),
(234, 2, 'Степанов'),
(235, 2, 'Никитин'),
(236, 2, 'Никифоров'),
(237, 2, 'Титов'),
(238, 2, 'Савельев'),
(239, 2, 'Михайлов'),
(240, 2, 'Семёнов'),
(241, 2, 'Львов'),
(242, 2, 'Фёдоров'),
(243, 2, 'Кириллов'),
(244, 2, 'Максимов'),
(245, 2, 'Ушаков'),
(246, 2, 'Шмидт'),
(247, 2, 'Павлов'),
(248, 2, 'Фролов'),
(249, 2, 'Антонов'),
(250, 2, 'Соловьёв'),
(251, 2, 'Козлов'),
(252, 2, 'Кондратьев'),
(253, 2, 'Трофимов'),
(254, 2, 'Тимофеев'),
(255, 2, 'Соколов'),
(256, 2, 'Шульц'),
(257, 2, 'Денисов'),
(258, 2, 'Ефимов'),
(259, 2, 'Ильин'),
(260, 2, 'Орлов'),
(261, 2, 'Герасимов'),
(262, 2, 'Афанасьев'),
(263, 2, 'Миронов'),
(264, 2, 'Марков'),
(265, 2, 'Игнатьев'),
(266, 2, 'Кудрявцев'),
(267, 2, 'Богданов'),
(268, 2, 'Филиппов'),
(269, 2, 'Леонтьев'),
(270, 2, 'Константинов'),
(271, 2, 'Чистяков'),
(272, 2, 'Яковлев'),
(273, 2, 'Фомин'),
(274, 2, 'Николаев'),
(275, 2, 'Комаров'),
(276, 2, 'Воронин'),
(277, 2, 'Новиков'),
(278, 2, 'Власов'),
(279, 2, 'Баранов'),
(280, 2, 'Прокофьев'),
(281, 2, 'Попов'),
(282, 2, 'Борисов'),
(283, 2, 'Сидоров'),
(284, 2, 'Пономарёв'),
(285, 2, 'Троицкий'),
(286, 2, 'Дмитриев'),
(287, 2, 'Давыдов'),
(288, 2, 'Андреев'),
(289, 2, 'Жуков'),
(290, 2, 'Гусев'),
(291, 2, 'Быков'),
(292, 2, 'Соболев'),
(293, 2, 'Воробьёв'),
(294, 2, 'Данилов'),
(295, 2, 'Осипов'),
(296, 2, 'Абрамов'),
(297, 2, 'Киселёв'),
(298, 2, 'Макаров'),
(299, 2, 'Сорокин'),
(300, 2, 'Зайцев');
INSERT INTO object(object_id, client_id, foreman_id, price, cost, margin, start, end_expected, end_actually) VALUES
(1, 33, 1, 0, 0, 52, '2000-01-02', '2014-02-15', '2015-10-12'),
(2, 9, 2, 0, 0, 18, '2000-01-05', '2014-06-18', '2010-01-02'),
(3, 23, 3, 0, 0, 99, '2000-01-08', '2012-07-30', '2012-01-21'),
(4, 37, 4, 0, 0, 57, '2000-01-11', '2011-01-09', '2010-01-01'),
(5, 43, 5, 0, 0, 53, '2000-01-14', '2014-12-30', NULL),
(6, 5, 6, 0, 0, 85, '2000-01-17', '2014-03-18', NULL),
(7, 1, 7, 0, 0, 80, '2000-01-20', '2010-10-02', NULL),
(8, 14, 8, 0, 0, 38, '2000-01-23', '2011-06-25', '2015-10-13'),
(9, 11, 9, 0, 0, 32, '2000-01-26', '2010-01-02', NULL),
(10, 17, 10, 0, 0, 11, '2000-01-29', '2013-01-30', '2012-10-21'),
(11, 33, 11, 0, 0, 43, '2000-02-01', '2012-11-02', NULL),
(12, 37, 12, 0, 0, 87, '2000-02-04', '2011-02-14', NULL),
(13, 7, 13, 0, 0, 26, '2000-02-07', '2014-04-14', NULL),
(14, 6, 14, 0, 0, 10, '2000-02-10', '2013-02-17', NULL),
(15, 32, 15, 0, 0, 33, '2000-02-13', '2014-12-31', '2011-12-29'),
(16, 42, 16, 0, 0, 100, '2000-02-16', '2013-01-19', NULL),
(17, 25, 17, 0, 0, 40, '2000-02-19', '2010-03-01', NULL),
(18, 15, 18, 0, 0, 11, '2000-02-22', '2011-03-16', NULL),
(19, 9, 19, 0, 0, 72, '2000-02-25', '2014-09-25', '2011-03-29'),
(20, 47, 20, 0, 0, 47, '2000-02-28', '2010-01-01', '2010-01-09'),
(21, 39, 21, 0, 0, 43, '2000-03-02', '2014-07-30', '2013-07-19'),
(22, 42, 22, 0, 0, 11, '2000-03-05', '2013-07-26', NULL),
(23, 13, 23, 0, 0, 98, '2000-03-08', '2010-08-27', '2015-02-15'),
(24, 8, 24, 0, 0, 52, '2000-03-11', '2010-11-21', '2014-05-19'),
(25, 4, 25, 0, 0, 38, '2000-03-14', '2014-03-29', NULL),
(26, 30, 26, 0, 0, 70, '2000-03-17', '2010-01-28', '2015-04-11'),
(27, 42, 27, 0, 0, 31, '2000-03-20', '2010-01-05', NULL),
(28, 25, 28, 0, 0, 55, '2000-03-23', '2013-09-08', '2013-05-27'),
(29, 1, 29, 0, 0, 36, '2000-03-26', '2014-05-09', '2011-10-26'),
(30, 17, 30, 0, 0, 63, '2000-03-29', '2010-05-08', '2010-03-27'),
(31, 3, 31, 0, 0, 18, '2000-04-01', '2012-02-27', '2015-01-31'),
(32, 36, 32, 0, 0, 58, '2000-04-04', '2011-04-30', NULL),
(33, 33, 33, 0, 0, 41, '2000-04-07', '2011-12-10', '2012-08-14'),
(34, 29, 34, 0, 0, 48, '2000-04-10', '2013-12-19', '2014-10-10'),
(35, 31, 35, 0, 0, 26, '2000-04-13', '2012-03-06', '2014-07-23'),
(36, 31, 36, 0, 0, 40, '2000-04-16', '2010-04-20', NULL),
(37, 1, 37, 0, 0, 39, '2000-04-19', '2011-06-16', '2010-01-21'),
(38, 1, 38, 0, 0, 86, '2000-04-22', '2013-06-13', '2012-08-23'),
(39, 2, 39, 0, 0, 64, '2000-04-25', '2010-01-05', NULL),
(40, 38, 40, 0, 0, 72, '2000-04-28', '2013-11-10', '2012-11-19'),
(41, 11, 41, 0, 0, 99, '2000-05-01', '2012-09-15', '2012-04-21'),
(42, 8, 42, 0, 0, 16, '2000-05-04', '2014-11-25', NULL),
(43, 1, 43, 0, 0, 50, '2000-05-07', '2014-10-15', '2013-01-05'),
(44, 9, 44, 0, 0, 32, '2000-05-10', '2013-02-10', NULL),
(45, 48, 45, 0, 0, 76, '2000-05-13', '2013-10-05', '2010-07-12'),
(46, 30, 46, 0, 0, 71, '2000-05-16', '2012-03-21', '2014-04-17'),
(47, 16, 47, 0, 0, 37, '2000-05-19', '2014-10-09', '2011-12-21'),
(48, 40, 48, 0, 0, 45, '2000-05-22', '2011-01-09', '2012-05-02'),
(49, 36, 49, 0, 0, 75, '2000-05-25', '2011-04-27', '2012-06-05'),
(50, 3, 50, 0, 0, 13, '2000-05-28', '2010-01-02', '2015-06-23'),
(51, 46, 51, 0, 0, 15, '2000-05-31', '2010-09-28', NULL),
(52, 13, 52, 0, 0, 32, '2000-06-03', '2012-03-12', NULL),
(53, 10, 53, 0, 0, 35, '2000-06-06', '2011-03-13', '2013-05-23'),
(54, 1, 54, 0, 0, 42, '2000-06-09', '2011-07-16', '2010-01-05'),
(55, 14, 55, 0, 0, 39, '2000-06-12', '2011-04-04', NULL),
(56, 38, 56, 0, 0, 86, '2000-06-15', '2013-09-05', '2011-09-24'),
(57, 36, 57, 0, 0, 15, '2000-06-18', '2013-11-09', '2010-01-18'),
(58, 11, 58, 0, 0, 27, '2000-06-21', '2010-06-24', '2010-10-13'),
(59, 26, 59, 0, 0, 75, '2000-06-24', '2013-02-09', '2010-12-16'),
(60, 44, 60, 0, 0, 93, '2000-06-27', '2014-03-31', '2013-04-29'),
(61, 46, 61, 0, 0, 66, '2000-06-30', '2012-09-15', '2010-01-10'),
(62, 4, 62, 0, 0, 15, '2000-07-03', '2010-02-07', '2014-05-08'),
(63, 44, 63, 0, 0, 76, '2000-07-06', '2013-06-26', '2013-01-08'),
(64, 22, 64, 0, 0, 17, '2000-07-09', '2014-11-27', '2012-12-20'),
(65, 15, 65, 0, 0, 20, '2000-07-12', '2013-12-12', '2011-03-25'),
(66, 11, 66, 0, 0, 91, '2000-07-15', '2010-03-24', '2010-01-03'),
(67, 18, 67, 0, 0, 33, '2000-07-18', '2013-08-01', '2010-11-27'),
(68, 12, 68, 0, 0, 45, '2000-07-21', '2010-06-04', '2014-10-27'),
(69, 23, 69, 0, 0, 84, '2000-07-24', '2010-12-21', '2011-07-10'),
(70, 16, 70, 0, 0, 99, '2000-07-27', '2013-06-25', '2013-09-03'),
(71, 25, 71, 0, 0, 47, '2000-07-30', '2013-12-15', '2011-02-05'),
(72, 47, 72, 0, 0, 32, '2000-08-02', '2013-04-21', '2010-01-03'),
(73, 38, 73, 0, 0, 56, '2000-08-05', '2012-02-23', '2011-08-24'),
(74, 17, 74, 0, 0, 73, '2000-08-08', '2010-01-31', '2010-12-29'),
(75, 15, 75, 0, 0, 20, '2000-08-11', '2013-08-25', '2015-04-27');
INSERT INTO object_contact(object_id, contact_data_type_id, data) VALUES
(62, 8, 'Bendigo'),
(32, 8, 'Maitland'),
(70, 8, 'Kalgoorlie'),
(40, 8, 'Singleton'),
(33, 8, 'Cairns'),
(58, 8, 'Echuca'),
(28, 8, 'Blaxland'),
(9, 8, 'Canberra'),
(41, 8, 'Emerald'),
(34, 8, 'Mandurah'),
(2, 8, 'Casino'),
(21, 8, 'Mount Martha'),
(63, 8, 'Port Hedland'),
(10, 8, 'Mudgee'),
(51, 8, 'Wagga Wagga'),
(59, 8, 'Port Lincoln'),
(29, 8, 'Karratha'),
(42, 8, 'Sunbury'),
(52, 8, 'Wangaratta'),
(60, 8, 'Murray Bridge'),
(35, 8, 'Maroochydore'),
(22, 8, 'Adelaide'),
(3, 8, 'Forbes'),
(53, 8, 'Port Macquarie'),
(46, 8, 'Central Coast'),
(43, 8, 'Gawler'),
(54, 8, 'Muswellbrook'),
(71, 8, 'Katoomba'),
(30, 8, 'Cessnock'),
(64, 8, 'Maryborough'),
(11, 8, 'Port Pirie'),
(47, 8, 'Kawana'),
(55, 8, 'Geelong'),
(36, 8, 'Bongaree'),
(72, 8, 'Melbourne'),
(23, 8, 'Albany'),
(65, 8, 'Kempsey'),
(48, 8, 'Bowral'),
(44, 8, 'Sunshine Coast'),
(56, 8, 'Warragul'),
(49, 8, 'Coffs Harbour'),
(73, 8, 'Melton'),
(37, 8, 'Swan Hill'),
(45, 8, 'Albury'),
(4, 8, 'Nambour'),
(38, 8, 'Brisbane'),
(57, 8, 'Alice Springs'),
(12, 8, 'Kiama'),
(66, 8, 'Geraldton'),
(5, 8, 'Warrnambool'),
(74, 8, 'Colac'),
(31, 8, 'Sydney'),
(16, 8, 'Portland'),
(67, 8, 'Gladstone'),
(75, 8, 'Warwick'),
(50, 8, 'Nerang'),
(39, 8, 'Queanbeyan'),
(68, 8, 'Craigieburn'),
(13, 8, 'Broken Hill'),
(6, 8, 'Mildura'),
(14, 8, 'Armidale'),
(24, 8, 'Broome'),
(7, 8, 'Kingaroy'),
(15, 8, 'Moe'),
(17, 8, 'Gold Coast'),
(8, 8, 'Kingston'),
(61, 8, 'Bacchus Marsh'),
(1, 8, 'Cranbourne'),
(25, 8, 'Newcastle'),
(18, 8, 'Mornington'),
(69, 8, 'Raymond Terrace'),
(26, 8, 'Buderim'),
(19, 8, 'Nowra'),
(27, 8, 'Kwinana Town Centre'),
(20, 8, 'Tamworth');
INSERT INTO payment(payment_id, object_id, contract_id, amount, date) VALUES
(1, 5, 1, 49.04, '1435-08-25 18:51:50'),
(2, 13, 2, 9.77, '1020-06-08 16:27:00'),
(3, 45, 3, 87.37, '1375-12-10 00:50:23'),
(4, 38, 4, 97.16, '1942-10-07 02:48:31'),
(5, 53, 5, 65.62, '1537-03-24 11:39:51'),
(6, 31, 6, 75.43, '1679-03-29 12:32:16'),
(7, 6, 7, 65.63, '1780-10-26 05:20:17'),
(8, 39, 8, 22.93, '1679-03-29 12:32:17'),
(9, 14, 9, 87.38, '1122-01-06 09:15:01'),
(10, 72, 10, 32.74, '1435-08-25 18:51:51'),
(11, 7, 11, 22.94, '1274-05-12 08:02:23'),
(12, 32, 12, 32.75, '1780-10-26 05:20:18'),
(13, 46, 13, 75.44, '1841-03-09 10:00:34'),
(14, 22, 14, 65.64, '1679-03-29 12:32:18'),
(15, 65, 15, 19.58, '1780-10-26 05:20:19'),
(16, 30, 16, 9.78, '1537-03-24 11:39:52'),
(17, 23, 17, 75.45, '1435-08-25 18:51:52'),
(18, 40, 18, 22.95, '1020-06-08 16:27:01'),
(19, 73, 19, 65.65, '1679-03-29 12:32:19'),
(20, 16, 20, 75.46, '1537-03-24 11:39:53'),
(21, 33, 21, 32.76, '1780-10-26 05:20:20'),
(22, 15, 22, 22.96, '1679-03-29 12:32:20'),
(23, 8, 23, 19.59, '1780-10-26 05:20:21'),
(24, 41, 24, 32.77, '1122-01-06 09:15:02'),
(25, 34, 25, 65.66, '1435-08-25 18:51:53'),
(26, 24, 26, 58.85, '1537-03-24 11:39:54'),
(27, 1, 27, 22.97, '1020-06-08 16:27:02'),
(28, 9, 28, 75.47, '1122-01-06 09:15:03'),
(29, 66, 29, 97.17, '1375-12-10 00:50:24'),
(30, 2, 30, 87.39, '1942-10-07 02:48:32'),
(31, 10, 31, 65.67, '1435-08-25 18:51:54'),
(32, 74, 32, 97.18, '1841-03-09 10:00:35'),
(33, 3, 33, 75.48, '1679-03-29 12:32:21'),
(34, 67, 34, 9.79, '1020-06-08 16:27:03'),
(35, 42, 35, 65.68, '1780-10-26 05:20:22'),
(36, 11, 36, 75.49, '1679-03-29 12:32:22'),
(37, 17, 37, 65.69, '1537-03-24 11:39:55'),
(38, 25, 38, 19.6, '1122-01-06 09:15:04'),
(39, 35, 39, 75.5, '1942-10-07 02:48:33'),
(40, 54, 40, 9.8, '1841-03-09 10:00:36'),
(41, 75, 41, 65.7, '1942-10-07 02:48:34'),
(42, 18, 42, 87.4, '1841-03-09 10:00:37'),
(43, 4, 43, 32.78, '1435-08-25 18:51:55'),
(44, 43, 44, 22.98, '1020-06-08 16:27:04'),
(45, 12, 45, 75.51, '1942-10-07 02:48:35'),
(46, 36, 46, 19.61, '1122-01-06 09:15:05'),
(47, 47, 47, 65.71, '1537-03-24 11:39:56'),
(48, 68, 48, 75.52, '1435-08-25 18:51:56'),
(49, 55, 49, 65.72, '1780-10-26 05:20:23'),
(50, 44, 50, 32.79, '1020-06-08 16:27:05'),
(51, 26, 51, 9.81, '1537-03-24 11:39:57'),
(52, 37, 52, 75.53, '1122-01-06 09:15:06'),
(53, 48, 53, 22.99, '1274-05-12 08:02:24'),
(54, 19, 54, 65.73, '1375-12-10 00:50:25'),
(55, 27, 55, 75.54, '1274-05-12 08:02:25'),
(56, 56, 56, 65.74, '1679-03-29 12:32:23'),
(57, 20, 57, 75.55, '1020-06-08 16:27:06'),
(58, 49, 58, 32.8, '1435-08-25 18:51:57'),
(59, 57, 59, 19.62, '1537-03-24 11:39:58'),
(60, 28, 60, 97.19, '1375-12-10 00:50:26'),
(61, 50, 61, 87.41, '1841-03-09 10:00:38'),
(62, 61, 62, 65.75, '1435-08-25 18:51:58'),
(63, 21, 63, 97.2, '1537-03-24 11:39:59'),
(64, 69, 64, 49.05, '1435-08-25 18:51:59'),
(65, 29, 65, 87.42, '1780-10-26 05:20:24'),
(66, 58, 66, 75.56, '1942-10-07 02:48:36'),
(67, 62, 67, 9.82, '1679-03-29 12:32:24'),
(68, 70, 68, 23, '1122-01-06 09:15:07'),
(69, 63, 69, 65.76, '1780-10-26 05:20:25'),
(70, 71, 70, 58.86, '1679-03-29 12:32:25'),
(71, 51, 71, 75.57, '1274-05-12 08:02:26'),
(72, 59, 72, 19.63, '1020-06-08 16:27:07'),
(73, 64, 73, 97.21, '1780-10-26 05:20:26'),
(74, 52, 74, 49.06, '1122-01-06 09:15:08'),
(75, 60, 75, 32.81, '1020-06-08 16:27:08');
INSERT INTO work_task(work_task_id, object_id, employee_id, piece_rate_pay, price_per_meter, number_of_metres, work_speed_day, progress_percent) VALUES
(1, 22, 4, 1, 377.5, 5268.1, 71.37, 54),
(2, 30, 168, 1, 138.22, 3002.02, 7.88, 22),
(3, 9, 112, 0, 228.23, 701.95, 61.47, 4),
(4, 33, 246, 0, 287.5, 9996.67, 21.6, 33),
(5, 41, 35, 1, 138.23, 4268.2, 31.51, 44),
(6, 70, 5, 0, 228.24, 8996.79, 17.79, 55),
(7, 63, 215, 1, 459.99, 9996.68, 7.89, 77),
(8, 71, 82, 1, 639.03, 1701.86, 71.38, 23),
(9, 59, 113, 0, 138.24, 701.96, 94.46, 15),
(10, 23, 274, 1, 729.04, 8996.8, 17.8, 45),
(11, 2, 138, 1, 377.51, 6533.27, 21.61, 67),
(12, 10, 83, 1, 639.04, 5268.11, 31.52, 56),
(13, 16, 300, 1, 228.25, 1701.87, 61.48, 88),
(14, 24, 169, 1, 138.25, 7533.18, 84.58, 34),
(15, 3, 36, 1, 819.04, 4268.21, 21.62, 46),
(16, 11, 139, 0, 729.05, 701.97, 7.9, 97),
(17, 34, 247, 1, 287.51, 6533.28, 50.55, 5),
(18, 64, 114, 1, 909.03, 7533.19, 71.39, 78),
(19, 52, 185, 1, 819.05, 2002.12, 40.65, 89),
(20, 60, 216, 1, 228.26, 5268.12, 50.56, 16),
(21, 72, 170, 0, 138.26, 4268.22, 61.49, 98),
(22, 17, 186, 1, 909.04, 5268.13, 71.4, 24),
(23, 42, 140, 1, 819.06, 3002.03, 31.53, 68),
(24, 25, 275, 1, 228.27, 1701.88, 21.63, 35),
(25, 18, 248, 0, 138.27, 2002.13, 94.47, 90),
(26, 35, 6, 1, 639.05, 701.98, 84.59, 57),
(27, 65, 171, 0, 228.28, 4268.23, 17.81, 25),
(28, 26, 217, 0, 729.06, 6533.29, 40.66, 99),
(29, 73, 187, 0, 138.28, 1701.89, 7.91, 6),
(30, 66, 276, 0, 228.29, 701.99, 94.48, 79),
(31, 53, 218, 1, 138.29, 3002.04, 61.5, 47),
(32, 46, 249, 1, 228.3, 5268.14, 50.57, 58),
(33, 43, 188, 0, 377.52, 4268.24, 71.41, 91),
(34, 74, 37, 0, 138.3, 2002.14, 40.67, 17),
(35, 36, 141, 0, 639.06, 7533.2, 17.82, 48),
(36, 44, 84, 1, 729.07, 9996.69, 7.92, 69),
(37, 37, 172, 0, 909.05, 3002.05, 50.58, 100),
(38, 54, 7, 1, 550, 1701.9, 61.51, 92),
(39, 45, 219, 1, 228.31, 8996.81, 31.54, 36),
(40, 67, 277, 0, 639.07, 2002.15, 21.64, 59),
(41, 4, 189, 1, 460, 9996.7, 17.83, 7),
(42, 75, 142, 1, 550.01, 702, 31.55, 49),
(43, 47, 115, 1, 138.31, 3002.06, 71.42, 60),
(44, 38, 173, 0, 729.08, 8996.82, 21.65, 26),
(45, 12, 220, 0, 228.32, 1701.91, 31.56, 37),
(46, 31, 143, 1, 819.07, 9996.71, 84.6, 27),
(47, 39, 38, 0, 287.52, 8996.83, 61.52, 84),
(48, 19, 250, 1, 909.06, 6533.3, 21.66, 80),
(49, 55, 174, 0, 460.01, 702.01, 31.57, 38),
(50, 68, 144, 0, 138.32, 2002.16, 40.68, 18),
(51, 32, 8, 1, 819.08, 3002.07, 50.59, 8),
(52, 40, 278, 0, 228.33, 9996.72, 94.49, 28),
(53, 27, 39, 0, 639.08, 7533.21, 71.43, 19),
(54, 61, 251, 0, 909.07, 6533.31, 61.53, 50),
(55, 20, 190, 1, 819.09, 8996.84, 7.93, 70),
(56, 5, 85, 1, 377.53, 9996.73, 21.67, 93),
(57, 48, 175, 1, 729.09, 8996.85, 17.84, 81),
(58, 13, 145, 0, 639.09, 9996.74, 84.61, 61),
(59, 69, 9, 1, 138.33, 2002.17, 7.94, 85),
(60, 62, 279, 1, 228.34, 1701.92, 17.85, 9),
(61, 6, 116, 1, 909.08, 3002.08, 7.95, 39),
(62, 56, 40, 1, 138.34, 702.02, 31.58, 51),
(63, 14, 10, 0, 228.35, 1701.93, 40.69, 29),
(64, 28, 176, 1, 287.53, 702.03, 21.68, 40),
(65, 7, 41, 0, 377.54, 5268.15, 94.5, 94),
(66, 21, 11, 0, 138.35, 2002.18, 84.62, 86),
(67, 49, 146, 1, 228.36, 1701.94, 50.6, 62),
(68, 15, 221, 1, 287.54, 3002.09, 17.86, 30),
(69, 8, 42, 0, 138.36, 702.04, 94.51, 71),
(70, 57, 252, 1, 819.1, 2002.19, 31.59, 20),
(71, 29, 191, 0, 729.1, 7533.22, 21.69, 95),
(72, 50, 222, 1, 909.09, 3002.1, 31.6, 10),
(73, 1, 280, 1, 228.37, 6533.32, 71.44, 52),
(74, 58, 192, 1, 639.1, 1701.95, 40.7, 42),
(75, 51, 12, 0, 729.11, 2002.2, 7.96, 87);
INSERT INTO cost(cost_id, material_id, work_task_id, price, quantity, date, is_planned_cost) VALUES
(1, 47, 3, 4553.96, 40.208, '2013-12-18 23:00:23', 0),
(2, 79, 22, 7069.84, 80.336, '2012-10-14 20:27:55', 1);
INSERT INTO salary(salary_id, work_task_id, date, amount) VALUES
(1, 22, '1972-10-19', 20.605),
(2, 65, '2007-02-08', 30.406),
(3, 30, '2015-10-13', 3.123),
(4, 23, '2011-09-06', 20.606),
(5, 73, '2006-02-03', 30.407),
(6, 12, '1977-05-19', 81.638),
(7, 16, '1983-04-12', 91.437),
(8, 24, '1972-10-20', 68.584),
(9, 17, '1988-05-23', 20.607),
(10, 38, '1987-11-10', 30.408),
(11, 66, '1977-05-20', 12.924),
(12, 31, '2001-07-07', 20.608),
(13, 58, '2007-02-09', 3.124),
(14, 39, '2011-09-07', 30.409),
(15, 25, '1983-04-13', 12.925),
(16, 51, '1992-12-21', 20.609),
(17, 18, '1972-10-21', 30.41),
(18, 5, '2006-02-04', 20.61),
(19, 13, '2001-07-08', 81.639),
(20, 32, '1977-05-21', 3.125),
(21, 59, '1987-11-11', 78.385),
(22, 52, '1972-10-22', 12.926),
(23, 40, '2006-02-05', 68.585),
(24, 6, '2007-02-10', 78.386),
(25, 14, '2011-09-08', 30.411),
(26, 74, '1988-05-24', 20.611),
(27, 33, '1992-12-22', 91.438),
(28, 60, '2007-02-11', 3.126),
(29, 67, '1977-05-22', 30.412),
(30, 75, '2011-09-09', 40.202),
(31, 53, '2007-02-12', 68.586),
(32, 46, '1972-10-23', 50.003),
(33, 26, '2001-07-09', 40.203),
(34, 7, '2011-09-10', 50.004),
(35, 54, '2007-02-13', 12.927),
(36, 47, '1983-04-14', 20.612),
(37, 68, '1987-11-12', 78.387),
(38, 41, '2006-02-06', 40.204),
(39, 55, '2001-07-10', 30.413),
(40, 48, '2006-02-07', 3.127),
(41, 34, '2011-09-11', 20.613),
(42, 19, '1977-05-23', 50.005),
(43, 15, '1983-04-15', 12.928),
(44, 56, '1987-11-13', 30.414),
(45, 49, '2001-07-11', 40.205),
(46, 27, '2006-02-08', 68.587),
(47, 20, '2001-07-12', 20.614),
(48, 57, '1983-04-16', 50.006),
(49, 61, '2006-02-09', 78.388),
(50, 50, '1988-05-25', 30.415),
(51, 69, '1972-10-24', 20.615),
(52, 28, '1992-12-23', 30.416),
(53, 42, '1977-05-24', 20.616),
(54, 62, '1988-05-26', 81.64),
(55, 21, '1987-11-14', 30.417),
(56, 70, '1972-10-25', 40.206),
(57, 29, '1977-05-25', 3.128),
(58, 8, '1983-04-17', 20.617),
(59, 1, '1972-10-26', 30.418),
(60, 63, '2007-02-14', 20.618),
(61, 71, '2011-09-12', 30.419),
(62, 9, '1992-12-24', 91.439),
(63, 35, '2001-07-13', 20.619),
(64, 43, '1988-05-27', 68.588),
(65, 36, '1992-12-25', 30.42),
(66, 64, '2007-02-15', 78.389),
(67, 44, '1988-05-28', 20.62),
(68, 72, '1987-11-15', 30.421),
(69, 37, '2006-02-10', 50.007),
(70, 45, '1992-12-26', 68.589),
(71, 2, '1977-05-26', 40.207),
(72, 10, '1972-10-27', 20.621),
(73, 3, '1988-05-29', 81.641),
(74, 11, '1992-12-27', 30.422),
(75, 4, '1988-05-30', 50.008);